Code,Libell√©,T1_2001,T2_2001,T3_2001,T4_2001,T1_2002,T2_2002,T3_2002,T4_2002,T1_2003,T2_2003,T3_2003,T4_2003,T1_2004,T2_2004,T3_2004,T4_2004,T1_2005,T2_2005,T3_2005,T4_2005,T1_2006,T2_2006,T3_2006,T4_2006,T1_2007,T2_2007,T3_2007,T4_2007,T1_2008,T2_2008,T3_2008,T4_2008,T1_2009,T2_2009,T3_2009,T4_2009,T1_2010,T2_2010,T3_2010,T4_2010,T1_2011,T2_2011,T3_2011,T4_2011,T1_2012,T2_2012,T3_2012,T4_2012,T1_2013,T2_2013,T3_2013,T4_2013,T1_2014,T2_2014,T3_2014,T4_2014,T1_2015,T2_2015,T3_2015,T4_2015,T1_2016,T2_2016,T3_2016,T4_2016,T1_2017,T2_2017,T3_2017,T4_2017,T1_2018,T2_2018,T3_2018,T4_2018,T1_2019,T2_2019,T3_2019,T4_2019,T1_2020,T2_2020,T3_2020,T4_2020,T1_2021,T2_2021,T3_2021,T4_2021
1,AIN,4,7,5,0,5,3,5,6,5,9,6,3,6,6,6,9,7,2,7,4,7,5,7,6,7,4,7,1,6,9,6,7,6,6,6,6,6,7,6,9,6,8,6,8,6,8,6,7,6,6,6,5,6,2,6,0,6,0,6,0,6,1,6,1,5,9,5,6,5,1,4,7,4,3,3,9,3,7,3,7,3,9,4,2
2,AISNE,8,6,8,9,9,2,9,2,9,3,9,5,9,8,10,3,10,8,11,3,11,7,11,9,11,8,11,6,11,3,11,0,10,9,11,0,11,3,11,5,11,7,11,8,11,9,12,0,12,0,12,0,11,7,11,6,11,5,11,6,11,7,11,8,11,5,11,3,10,9,10,6,10,2,10,1,10,0,9,7,9,8,9,6
3,ALLIER,10,6,10,8,10,9,10,7,10,6,10,6,10,4,10,6,10,9,11,3,11,5,11,6,11,4,11,1,10,8,10,5,10,3,10,6,11,0,11,3,11,4,11,4,11,3,11,3,11,3,11,0,10,6,10,5,10,4,10,4,10,4,10,4,10,2,9,7,9,1,8,5,8,3,8,3,8,5,8,3,7,9,7,8
4,ALPES-DE-HAUTE-PROVENCE,7,5,7,8,8,3,8,5,8,6,8,8,9,1,9,3,9,4,9,6,9,7,9,8,9,8,9,7,9,5,9,1,9,0,9,4,9,6,9,8,10,0,10,1,10,2,10,4,10,6,10,6,10,5,10,5,10,5,10,7,10,7,10,7,10,4,10,2,10,0,9,7,9,5,9,2,9,0,9,1,9,0,9,0
5,HAUTES-ALPES,6,4,6,7,7,1,7,2,7,2,7,2,7,3,7,5,7,6,7,7,7,8,7,9,7,9,7,9,7,5,7,3,7,4,7,5,7,8,8,1,8,0,8,0,8,3,8,5,8,7,8,7,8,6,8,8,8,8,9,1,9,1,8,8,8,4,8,1,7,9,7,2,6,9,7,0,6,9,7,1,7,2,7,1
6,ALPES-MARITIMES,8,4,8,6,8,9,9,2,9,4,9,7,10,1,10,5,10,9,11,3,11,5,11,5,11,3,11,3,11,2,11,0,10,9,11,1,11,4,11,7,11,7,11,6,11,6,11,6,11,6,11,4,11,3,11,1,11,0,11,0,11,0,10,8,10,6,10,3,9,8,9,3,9,0,8,6,8,4,8,3,8,1,8,1
7,ARDECHE,8,3,8,4,8,7,8,9,9,0,9,1,9,3,9,6,9,9,10,2,10,5,10,4,10,2,9,8,9,6,9,3,9,3,9,6,10,0,10,4,10,4,10,5,10,4,10,0,10,0,9,9,9,6,9,7,10,0,10,0,10,0,10,0,9,8,9,5,9,2,8,4,7,8,7,6,7,5,7,6,7,7,7,9
8,ARDENNES,10,2,10,3,10,4,10,5,10,8,11,2,11,6,12,0,12,4,12,7,12,9,12,9,12,7,12,3,11,9,11,7,11,9,12,2,12,7,13,2,13,5,13,6,13,8,13,8,13,7,13,4,12,8,12,5,12,5,12,5,12,5,12,5,12,2,11,7,11,3,10,9,10,6,10,5,10,6,10,2,10,1,10,3
9,ARIEGE,7,9,8,0,8,1,8,4,8,7,8,8,8,9,9,2,9,6,9,9,10,2,10,3,10,1,10,0,9,9,9,7,9,5,9,5,9,8,10,1,10,2,10,2,10,3,10,4,10,3,10,3,10,1,9,9,10,0,10,2,10,2,10,2,10,1,9,8,9,6,9,3,9,1,8,8,8,7,8,5,8,2,8,1
10,AUBE,8,1,8,4,8,6,8,7,8,7,8,9,9,2,9,6,9,9,10,3,10,5,10,7,10,6,10,2,10,1,10,0,10,1,10,2,10,3,10,4,10,5,10,5,10,4,10,6,10,4,10,1,9,7,9,6,9,5,9,6,9,6,9,5,9,3,8,9,8,5,8,1,7,8,7,7,7,8,7,6,7,6,7,7
11,AUDE,10,8,11,0,11,3,11,4,11,1,10,8,10,8,10,7,11,0,11,3,11,4,11,4,11,3,11,2,11,0,10,9,11,0,11,3,11,7,12,0,12,0,12,3,12,4,12,5,12,5,12,5,12,4,12,5,12,7,12,9,12,9,12,7,12,5,12,1,11,7,11,3,10,9,10,4,10,1,9,9,9,9,9,8
12,AVEYRON,5,3,5,3,5,4,5,5,5,6,5,6,5,6,5,7,5,8,5,9,6,0,6,1,6,0,6,0,5,9,5,7,5,7,5,7,6,0,6,2,6,3,6,3,6,3,6,3,6,2,6,2,6,1,6,0,5,9,6,0,6,0,6,0,5,9,5,7,5,5,5,4,5,2,4,9,4,7,4,7,4,6,4,7
13,BOUCHES-DU-RHONE,11,6,12,0,12,4,12,7,13,0,13,3,13,5,13,9,14,3,14,5,14,7,15,0,15,0,14,8,14,6,14,2,14,1,14,3,14,5,14,9,15,0,15,2,15,4,15,5,15,7,15,4,15,2,15,0,15,0,15,2,15,4,15,4,15,0,14,5,14,0,13,5,13,0,12,6,12,3,12,1,11,9,11,6
14,CALVADOS,8,3,8,5,8,7,8,7,8,9,9,1,9,3,9,7,10,0,10,3,10,4,10,6,10,5,10,2,10,0,9,6,9,4,10,0,10,5,10,7,10,8,10,9,10,9,11,0,11,0,10,7,10,4,10,2,10,1,10,0,10,1,10,0,9,7,9,3,8,8,8,4,8,1,7,9,7,8,7,6,7,5,7,6
15,CANTAL,8,3,8,6,8,9,9,0,8,8,8,6,8,6,8,7,9,1,9,4,9,4,9,3,9,0,8,7,8,5,8,1,7,8,8,1,8,4,8,6,8,7,8,8,8,9,9,0,9,0,8,8,8,5,8,3,8,3,8,2,8,1,8,1,7,9,7,5,7,2,6,8,6,6,6,6,6,8,6,7,6,3,6,0
16,CHARENTE,8,6,9,0,9,2,9,3,9,3,9,2,9,1,9,1,9,3,9,5,9,7,9,8,9,7,9,6,9,4,9,2,9,1,9,2,9,6,9,9,10,0,10,0,10,1,10,0,9,8,9,7,9,6,9,6,9,6,9,6,9,7,9,8,9,4,9,0,8,6,8,3,8,1,7,8,7,7,7,7,7,7,7,8
17,CHARENTE-MARITIME,10,4,10,6,10,9,11,1,11,2,11,2,11,3,11,5,11,8,12,2,12,5,12,5,12,4,12,1,11,8,11,6,11,4,11,5,11,8,11,9,11,9,11,7,11,7,11,7,11,7,11,6,11,5,11,3,11,3,11,3,11,4,11,4,11,2,10,8,10,3,10,0,9,6,9,3,9,1,9,0,8,8,8,7
18,CHER,7,7,8,1,8,4,8,5,8,3,8,3,8,5,8,8,9,3,9,6,9,8,9,9,9,9,9,7,9,5,9,2,9,0,9,2,9,6,10,0,10,3,10,5,10,6,10,6,10,4,10,2,9,8,9,6,9,4,9,3,9,4,9,4,9,2,8,8,8,5,8,2,7,9,7,7,7,5,7,4,7,4,7,4
19,CORREZE,7,3,7,5,7,7,7,8,7,7,7,8,7,8,7,9,8,1,8,3,8,5,8,4,8,1,7,7,7,4,7,3,7,2,7,3,7,5,7,7,7,8,7,7,7,8,7,8,7,8,7,7,7,6,7,6,7,6,7,6,7,6,7,4,7,1,6,7,6,4,6,1,5,9,5,5,5,3,5,3,5,3,5,2
21,COTE-D'OR,7,0,7,2,7,5,7,6,7,8,8,0,8,1,8,3,8,5,8,7,8,9,9,1,9,0,8,9,8,7,8,5,8,4,8,4,8,6,8,8,8,8,8,8,8,9,8,9,8,8,8,6,8,3,8,2,8,2,8,2,8,3,8,2,8,0,7,6,7,2,6,9,6,7,6,3,6,1,6,1,6,1,6,2
22,COTES-D'ARMOR,7,7,7,8,8,0,8,1,8,3,8,4,8,5,8,6,8,7,9,0,9,2,9,2,9,2,9,0,8,8,8,6,8,4,8,4,8,7,9,0,9,0,9,0,9,0,8,9,8,9,8,8,8,6,8,5,8,4,8,3,8,5,8,3,7,9,7,5,7,2,6,9,6,6,6,3,6,2,6,1,6,1,6,2
23,CREUSE,7,7,7,8,8,0,8,1,8,2,8,2,8,2,8,3,8,5,8,7,8,9,9,1,9,0,8,7,8,4,8,2,8,1,8,2,8,6,8,8,8,7,8,8,8,9,9,0,8,9,8,9,8,7,8,7,8,8,8,9,8,9,8,9,8,7,8,4,8,0,7,6,7,5,7,2,7,1,7,2,7,1,6,9
24,DORDOGNE,8,1,8,3,8,4,8,4,8,5,8,8,8,8,8,9,9,2,9,4,9,6,9,6,9,5,9,2,8,9,8,8,8,6,8,8,9,2,9,3,9,4,9,5,9,6,9,6,9,6,9,6,9,5,9,5,9,5,9,5,9,5,9,5,9,2,8,8,8,5,8,3,8,2,7,8,7,7,7,6,7,4,7,3
25,DOUBS,6,6,6,8,7,1,7,3,7,5,7,7,7,8,8,1,8,4,8,6,8,6,8,5,8,3,7,9,7,6,7,3,7,2,7,4,7,8,8,1,8,2,8,4,8,6,8,6,8,6,8,5,8,2,8,1,7,9,7,9,8,0,7,9,7,6,7,2,6,7,6,4,6,0,5,4,5,1,5,1,5,5,6,0
26,DROME,9,0,9,3,9,8,10,1,10,3,10,6,10,8,11,2,11,7,12,1,12,3,12,3,12,1,11,7,11,4,11,0,10,9,11,3,11,6,11,8,11,8,11,7,11,7,11,5,11,4,11,3,10,9,11,0,11,1,11,0,10,9,10,8,10,6,10,2,9,9,9,2,8,5,8,2,7,9,7,9,8,0,8,1
27,EURE,7,7,7,9,8,2,8,3,8,5,8,6,8,8,9,2,9,7,10,1,10,3,10,4,10,3,10,1,9,9,9,7,9,5,9,8,10,2,10,5,10,6,10,7,10,6,10,4,10,2,10,0,9,7,9,4,9,4,9,4,9,5,9,4,9,0,8,5,8,0,7,6,7,3,7,1,6,8,6,6,6,8,7,0
28,EURE-ET-LOIR,6,1,6,3,6,6,6,8,7,1,7,4,7,6,8,0,8,3,8,6,8,8,8,8,8,6,8,3,7,9,7,4,7,2,7,5,7,9,8,2,8,5,8,7,8,6,8,5,8,3,8,2,8,0,7,8,7,7,7,7,7,7,7,7,7,3,6,9,6,5,6,2,6,0,5,7,5,5,5,4,5,6,5,9
29,FINISTERE,7,8,7,8,8,0,8,0,8,0,8,1,8,1,8,2,8,4,8,7,8,8,8,9,8,8,8,7,8,5,8,4,8,2,8,1,8,4,8,7,8,7,8,6,8,7,8,7,8,7,8,7,8,6,8,5,8,5,8,5,8,7,8,6,8,1,7,7,7,5,7,2,6,9,6,7,6,5,6,5,6,5,6,5
2A,CORSE-DU-SUD,9,6,9,4,9,4,9,2,9,3,9,5,9,8,10,1,10,4,10,9,11,1,11,3,11,4,11,3,11,4,11,2,11,0,11,3,11,9,12,7,13,2,13,0,12,7,12,8,12,9,12,6,12,1,11,9,11,7,11,8,11,7,11,5,11,3,10,9,10,5,10,1,9,9,9,9,9,8,9,5,9,2,9,0
2B,HAUTE-CORSE,11,6,11,5,11,5,11,3,11,5,11,9,12,2,12,5,12,7,12,7,12,6,12,6,12,4,12,2,11,9,11,8,12,0,12,4,12,9,13,4,13,7,13,6,13,6,14,2,14,6,14,3,13,7,13,5,13,5,13,6,13,6,13,5,13,3,13,1,12,6,12,1,11,7,11,5,11,4,11,0,10,7,10,6
30,GARD,12,0,12,2,12,6,12,8,13,0,13,3,13,4,13,5,13,7,14,0,14,3,14,4,14,4,14,2,13,9,13,8,13,8,13,9,14,3,14,7,14,8,14,8,15,0,15,0,15,1,15,0,14,9,15,0,15,0,15,1,15,2,15,2,15,0,14,7,14,3,13,7,13,2,12,6,12,3,12,2,12,0,11,9
31,HAUTE-GARONNE,8,1,8,4,8,7,9,1,9,4,9,6,9,8,9,9,10,2,10,5,10,7,10,7,10,6,10,5,10,3,10,1,10,1,10,2,10,6,10,9,11,1,11,2,11,3,11,3,11,3,11,3,11,1,11,1,11,0,11,1,11,3,11,3,11,1,10,8,10,2,9,9,9,9,9,6,9,4,9,4,9,2,9,0
32,GERS,5,9,6,1,6,3,6,5,6,7,6,9,7,0,7,1,7,2,7,3,7,4,7,4,7,3,7,2,6,9,6,7,6,7,6,6,6,7,6,9,7,0,7,0,7,1,7,1,7,2,7,2,7,2,7,2,7,1,7,1,7,1,7,0,6,9,6,6,6,5,6,4,6,2,5,9,5,8,5,8,5,6,5,5
33,GIRONDE,8,8,9,2,9,6,9,9,10,1,10,2,10,4,10,5,10,8,11,1,11,3,11,4,11,3,11,2,11,0,10,9,10,8,10,9,11,2,11,4,11,5,11,5,11,5,11,5,11,4,11,3,11,0,10,9,10,9,10,9,10,8,10,7,10,3,9,9,9,5,9,1,8,7,8,3,8,1,8,0,8,1,8,1
34,HERAULT,12,1,12,4,12,7,13,1,13,3,13,5,13,8,14,0,14,3,14,7,15,0,15,2,15,2,14,9,14,7,14,5,14,3,14,5,14,9,15,1,15,1,15,2,15,5,15,7,15,8,15,6,15,3,15,1,15,1,15,3,15,3,15,3,15,1,14,7,14,3,13,8,13,4,12,9,12,5,12,3,12,2,12,2
35,ILLE-ET-VILAINE,7,0,7,1,7,2,7,3,7,4,7,6,7,6,7,8,7,9,8,1,8,3,8,3,8,1,7,9,7,8,7,6,7,5,7,6,8,0,8,1,8,0,8,0,8,0,8,0,7,9,7,8,7,7,7,5,7,4,7,4,7,6,7,4,6,9,6,5,6,2,5,9,5,7,5,2,4,9,5,0,5,4,5,6
36,INDRE,7,1,7,4,7,7,7,8,7,9,8,1,8,2,8,4,8,7,9,0,9,1,9,2,9,2,8,8,8,4,8,1,8,0,8,1,8,5,8,7,8,9,9,1,9,2,9,1,9,0,8,7,8,6,8,6,8,6,8,7,8,7,8,5,8,2,7,9,7,5,7,2,7,0,6,8,6,8,6,7,6,7,6,7
37,INDRE-ET-LOIRE,7,5,7,8,8,1,8,3,8,4,8,7,8,9,9,2,9,6,9,9,10,0,10,0,9,9,9,8,9,5,9,3,9,1,9,2,9,5,9,7,9,8,9,9,10,0,9,9,9,8,9,7,9,4,9,3,9,2,9,2,9,2,9,1,8,7,8,2,7,8,7,4,7,1,6,8,6,5,6,4,6,4,6,4
38,ISERE,7,6,7,9,8,3,8,5,8,9,9,2,9,6,10,0,10,3,10,5,10,6,10,6,10,4,10,1,9,8,9,5,9,2,9,2,9,4,9,7,9,7,9,7,9,7,9,5,9,5,9,4,9,1,9,0,9,0,9,1,9,1,9,0,8,8,8,4,8,0,7,4,6,9,6,5,6,0,6,0,6,1,6,3
39,JURA,4,5,4,6,4,8,5,1,5,4,5,7,5,9,6,2,6,4,6,6,6,7,6,7,6,5,6,1,5,9,5,6,5,4,5,4,5,7,6,0,6,2,6,5,6,6,6,5,6,6,6,4,6,2,6,0,6,0,6,2,6,1,6,0,5,8,5,5,5,3,5,2,4,9,4,4,4,3,4,4,4,6,4,9
40,LANDES,6,4,6,6,6,8,7,0,7,2,7,3,7,5,7,7,7,9,8,2,8,3,8,3,8,2,8,0,7,9,8,0,8,0,8,0,8,4,8,5,8,4,8,4,8,3,8,2,8,3,8,4,8,3,8,3,8,2,8,2,8,4,8,4,8,2,7,9,7,6,7,4,7,3,7,1,6,9,6,7,6,7,6,8
41,LOIR-ET-CHER,6,4,6,6,6,9,7,2,7,5,7,8,8,0,8,4,8,8,9,1,9,3,9,5,9,4,9,2,8,7,8,3,8,1,8,2,8,5,8,7,8,9,9,1,9,1,8,9,8,8,8,6,8,5,8,5,8,6,8,6,8,5,8,4,8,0,7,5,7,2,7,0,6,6,6,4,6,1,5,9,5,9,6,0
42,LOIRE,9,2,9,6,10,0,10,3,10,6,10,8,11,0,11,4,11,7,11,9,12,1,12,1,11,9,11,5,11,2,10,9,10,7,10,9,11,1,11,5,11,6,11,6,11,5,11,3,11,2,10,9,10,5,10,0,9,7,9,7,9,8,9,8,9,6,9,3,8,8,8,4,8,2,7,8,7,5,7,5,7,5,7,6
43,HAUTE-LOIRE,7,0,7,1,7,2,6,9,6,7,6,5,6,5,6,7,7,0,7,2,7,5,7,7,7,8,7,7,7,5,7,3,7,1,7,4,7,8,7,9,7,6,7,6,7,6,7,5,7,5,7,4,7,2,7,2,7,3,7,4,7,5,7,7,7,6,7,3,7,0,6,6,6,3,6,2,6,3,6,2,6,0,6,0
44,LOIRE-ATLANTIQUE,9,4,9,7,10,0,10,3,10,4,10,6,10,8,11,0,11,2,11,5,11,6,11,5,11,4,11,1,10,8,10,5,10,3,10,3,10,8,11,1,11,0,11,1,11,1,11,0,10,9,10,7,10,5,10,4,10,3,10,2,10,1,9,9,9,4,9,0,8,5,8,2,7,9,7,4,7,2,7,2,7,3,7,4
45,LOIRET,6,2,6,4,6,7,6,8,6,9,7,2,7,4,7,7,8,1,8,3,8,4,8,5,8,4,8,2,8,0,7,7,7,5,7,6,7,9,8,0,8,2,8,3,8,2,8,0,7,9,7,7,7,4,7,3,7,2,7,2,7,3,7,2,6,9,6,5,6,0,5,6,5,4,5,2,4,9,4,8,4,9,5,1
46,LOT,6,7,6,8,6,9,7,0,7,1,7,2,7,3,7,5,7,6,7,7,7,9,8,0,7,9,7,9,7,8,7,7,7,6,7,7,8,0,8,4,8,4,8,4,8,4,8,5,8,5,8,4,8,4,8,3,8,3,8,3,8,4,8,4,8,3,8,0,7,8,7,5,7,3,7,1,6,9,6,9,6,7,6,7
47,LOT-ET-GARONNE,8,6,8,9,9,1,9,3,9,5,9,6,9,8,10,0,10,2,10,5,10,6,10,6,10,4,10,2,9,9,9,8,9,6,9,6,10,0,10,1,10,0,10,0,10,2,10,2,10,3,10,4,10,3,10,2,10,2,10,2,10,2,10,1,9,8,9,3,8,9,8,6,8,3,8,0,7,8,7,8,7,7,7,6
48,LOZERE,4,9,5,0,5,3,5,4,5,3,5,4,5,3,5,2,5,4,5,4,5,4,5,6,5,6,5,5,5,3,5,1,5,0,5,5,5,7,5,8,5,8,5,8,5,7,5,8,6,1,6,2,6,1,6,1,6,0,5,9,5,9,5,9,5,9,5,9,5,8,5,5,5,1,4,9,4,9,4,9,4,9,4,9
49,MAINE-ET-LOIRE,7,8,8,1,8,4,8,6,8,5,8,6,8,9,9,1,9,4,9,7,9,9,9,9,9,8,9,6,9,4,9,1,8,9,8,9,9,1,9,2,9,2,9,3,9,3,9,2,9,1,9,0,8,7,8,5,8,5,8,5,8,6,8,4,8,1,7,6,7,3,7,1,6,9,6,6,6,5,6,5,6,6,6,7
50,MANCHE,7,1,7,3,7,6,7,8,7,9,7,9,7,9,8,0,8,2,8,5,8,9,9,0,9,0,8,8,8,6,8,3,8,2,8,5,9,0,9,2,9,3,9,3,9,4,9,4,9,5,9,4,9,2,9,1,9,0,8,9,8,9,8,8,8,5,8,1,7,6,7,4,7,2,7,1,7,0,6,9,6,9,6,9
51,MARNE,7,5,7,6,7,8,8,0,8,1,8,4,8,6,8,9,9,3,9,6,9,7,9,9,9,8,9,6,9,5,9,3,9,3,9,5,9,6,9,7,9,9,9,9,9,9,9,9,9,7,9,5,9,2,9,0,8,9,8,8,8,8,8,7,8,4,8,0,7,6,7,3,7,1,7,1,7,0,6,7,6,7,6,7
52,HAUTE-MARNE,7,2,7,4,7,6,7,6,7,7,8,0,8,3,8,8,9,2,9,5,9,8,9,9,9,8,9,4,9,1,8,7,8,7,9,0,9,2,9,5,9,6,9,6,9,6,9,6,9,4,9,0,8,7,8,5,8,5,8,5,8,7,8,8,8,7,8,3,7,8,7,3,7,0,6,9,6,8,6,8,6,9,7,0
53,MAYENNE,5,3,5,4,5,6,5,6,5,6,5,7,5,8,6,1,6,4,6,5,6,7,6,7,6,5,6,2,5,9,5,6,5,5,5,7,6,0,6,2,6,2,6,3,6,3,6,1,5,9,5,8,5,4,5,3,5,4,5,5,5,6,5,6,5,2,4,7,4,3,4,0,3,9,3,7,3,8,4,0,4,1,4,2
54,MEURTHE-ET-MOSELLE,6,7,6,9,7,1,7,3,7,5,7,7,7,9,8,0,8,3,8,6,8,8,8,8,8,8,8,6,8,4,8,2,8,0,8,1,8,3,8,6,8,7,8,8,8,9,8,9,8,9,8,8,8,7,8,6,8,6,8,6,8,6,8,6,8,3,7,8,7,4,7,1,6,9,6,9,6,7,6,4,6,4,6,5
55,MEUSE,6,2,6,3,6,6,6,7,6,8,6,9,6,9,7,2,7,5,7,8,8,0,8,2,8,1,7,8,7,6,7,3,7,1,7,3,7,7,8,0,8,0,8,0,8,1,8,1,8,2,8,1,7,9,7,8,8,0,8,2,8,2,8,1,7,8,7,4,7,1,6,7,6,5,6,5,6,5,6,3,6,4,6,5
56,MORBIHAN,8,4,8,5,8,5,8,5,8,5,8,6,8,7,8,8,9,0,9,1,9,2,9,3,9,3,9,2,9,1,8,9,8,7,8,8,9,2,9,5,9,3,9,3,9,4,9,4,9,4,9,4,9,2,9,0,8,9,8,9,9,1,8,9,8,5,8,1,7,8,7,5,7,2,6,9,6,7,6,7,6,7,6,9
57,MOSELLE,7,1,7,2,7,3,7,5,7,8,7,9,8,1,8,4,8,8,9,2,9,4,9,6,9,4,9,1,8,8,8,5,8,3,8,4,8,6,8,9,9,0,9,1,9,2,9,3,9,3,9,1,8,9,8,7,8,5,8,7,8,7,8,6,8,3,8,0,7,6,7,3,7,0,6,8,6,6,6,3,6,4,6,6
58,NIEVRE,7,6,7,8,8,1,8,3,8,5,8,6,8,9,9,2,9,5,9,9,10,1,10,2,10,0,9,6,9,1,8,9,8,9,9,1,9,5,9,7,9,9,10,0,10,0,10,1,10,1,10,0,9,9,9,8,9,8,10,0,10,0,9,9,9,6,8,9,8,5,8,1,7,7,7,2,7,0,7,0,7,0,7,1
59,NORD,10,8,11,0,11,3,11,4,11,6,11,8,12,0,12,6,13,0,13,5,13,7,13,8,13,7,13,5,13,3,13,0,12,8,13,0,13,4,13,7,13,9,14,0,14,1,14,1,14,0,13,8,13,5,13,4,13,3,13,4,13,5,13,5,13,2,12,6,12,0,11,6,11,3,11,0,10,7,10,5,10,5,10,5
60,OISE,6,5,6,7,7,0,7,1,7,2,7,4,7,7,8,2,8,6,9,0,9,4,9,5,9,3,9,1,8,9,8,6,8,5,8,7,9,0,9,3,9,5,9,5,9,6,9,5,9,5,9,5,9,2,9,0,9,0,9,1,9,2,9,1,8,8,8,3,7,9,7,6,7,3,7,0,6,7,6,5,6,6,6,7
61,ORNE,6,7,6,9,7,1,7,0,7,0,7,0,7,2,7,5,7,9,8,1,8,3,8,3,8,2,7,8,7,5,7,3,7,2,7,6,8,1,8,4,8,5,8,6,8,8,8,7,8,6,8,5,8,2,8,1,8,1,8,2,8,3,8,3,8,0,7,5,7,0,6,7,6,5,6,2,6,0,6,0,6,1,6,4
62,PAS-DE-CALAIS,10,7,10,9,11,2,11,4,11,5,11,6,11,9,12,5,13,0,13,5,13,9,14,0,13,9,13,5,13,1,12,7,12,6,12,9,13,2,13,6,13,7,13,7,13,9,14,0,14,1,14,0,13,7,13,4,13,3,13,4,13,4,13,4,13,2,12,7,12,0,11,5,11,0,10,7,10,6,10,3,10,2,10,1
63,PUY-DE-DOME,7,7,8,0,8,2,8,2,8,2,8,2,8,2,8,4,8,6,8,9,9,1,9,2,9,2,9,0,8,8,8,5,8,2,8,5,8,8,9,0,9,1,9,2,9,3,9,2,9,1,8,9,8,6,8,4,8,3,8,3,8,4,8,5,8,3,8,1,7,7,7,4,7,2,7,2,7,3,7,0,6,8,6,8
64,PYRENEES-ATLANTIQUES,7,9,8,1,8,3,8,5,8,5,8,6,8,7,8,9,9,1,9,3,9,5,9,5,9,4,9,2,9,0,8,8,8,9,9,1,9,4,9,5,9,5,9,5,9,5,9,4,9,4,9,4,9,3,9,2,9,1,9,1,9,2,9,1,8,9,8,6,8,4,8,1,7,9,7,7,7,6,7,5,7,4,7,3
65,HAUTES-PYRENEES,9,8,10,0,10,4,10,6,10,5,10,4,10,4,10,5,10,6,10,8,10,8,10,8,10,8,10,6,10,4,10,1,10,0,10,2,10,5,10,7,10,7,10,7,10,6,10,8,10,9,10,9,10,9,11,0,10,9,10,9,10,9,10,8,10,8,10,4,10,1,9,7,9,4,9,1,9,0,8,9,8,9,8,9
66,PYRENEES-ORIENTALES,12,0,12,1,12,4,12,6,12,9,13,1,13,2,13,3,13,5,13,9,14,2,14,4,14,5,14,3,14,0,13,9,13,7,14,0,14,4,14,5,14,5,14,4,14,4,14,5,14,6,14,6,14,6,14,7,14,6,14,6,14,6,14,5,14,3,13,8,13,3,12,8,12,4,12,0,11,5,11,3,11,3,11,2
67,BAS-RHIN,4,8,5,0,5,1,5,3,5,4,5,6,5,8,6,1,6,5,6,7,6,8,6,9,6,7,6,4,6,3,6,1,6,0,6,1,6,2,6,4,6,5,6,6,6,7,6,6,6,5,6,5,6,3,6,1,6,1,6,1,6,1,6,0,5,8,5,4,5,1,5,0,4,8,4,7,4,7,4,7,4,9,5,1
68,HAUT-RHIN,4,3,4,5,4,7,4,9,5,2,5,4,5,6,5,9,6,2,6,4,6,6,6,7,6,5,6,2,6,1,5,9,5,8,5,8,5,9,6,1,6,4,6,5,6,6,6,6,6,6,6,5,6,2,6,0,5,8,5,8,5,9,5,8,5,7,5,4,5,0,4,8,4,6,4,4,4,4,4,2,4,2,4,5
69,RHONE,7,1,7,4,7,8,8,2,8,7,9,1,9,4,9,7,10,1,10,5,10,6,10,7,10,5,10,2,10,0,9,7,9,6,9,7,9,9,10,1,10,2,10,3,10,2,9,9,9,7,9,5,9,3,9,2,9,1,9,0,9,2,9,3,8,9,8,4,8,0,7,4,6,8,6,4,6,0,6,1,6,2,6,3
70,HAUTE-SAONE,7,5,7,7,7,8,7,8,7,9,7,9,7,9,8,0,8,3,8,5,8,8,8,9,8,6,8,3,8,0,7,9,7,9,8,1,8,4,8,6,8,7,8,8,8,8,8,8,8,7,8,6,8,4,8,2,8,2,8,2,8,2,8,1,7,7,7,2,6,7,6,4,6,1,6,1,5,8,5,5,5,7,6,0
71,SAONE-ET-LOIRE,7,6,7,7,8,1,8,4,8,7,9,0,9,2,9,6,10,0,10,3,10,5,10,5,10,4,10,2,9,9,9,6,9,3,9,2,9,5,9,6,9,6,9,6,9,7,9,7,9,6,9,4,9,0,8,8,8,7,8,7,8,7,8,7,8,4,8,0,7,6,7,4,7,3,6,9,6,6,6,6,6,7,6,8
72,SARTHE,8,3,8,6,8,9,9,0,9,1,9,2,9,3,9,4,9,8,10,2,10,4,10,4,10,2,9,9,9,7,9,3,9,1,9,1,9,3,9,4,9,4,9,4,9,4,9,4,9,4,9,3,9,0,8,8,8,7,8,7,8,7,8,6,8,1,7,6,7,1,6,8,6,4,6,0,5,7,5,8,6,0,6,2
73,SAVOIE,6,0,6,2,6,7,7,2,7,7,7,9,8,2,8,6,9,0,9,5,9,7,9,8,9,6,9,3,9,1,8,8,8,6,8,7,8,9,9,1,9,0,9,1,9,3,9,1,9,0,8,9,8,7,8,6,8,7,8,7,8,8,8,7,8,5,8,1,7,7,7,3,6,9,6,3,5,9,5,9,6,0,6,1
74,HAUTE-SAVOIE,5,5,5,8,6,2,6,5,7,0,7,4,7,9,8,4,8,7,8,9,9,0,8,9,8,7,8,3,7,9,7,6,7,5,7,6,7,9,8,1,7,9,7,9,7,9,7,8,7,7,7,6,7,4,7,1,7,1,7,1,7,2,7,2,7,1,6,8,6,4,6,0,5,7,5,2,4,9,4,9,5,0,5,2
75,PARIS,9,7,9,8,9,6,9,6,9,7,9,7,9,8,9,9,10,0,10,2,10,2,10,1,9,9,9,8,9,6,9,5,9,5,9,6,9,8,9,9,10,0,10,0,10,0,9,9,9,9,9,8,9,7,9,7,9,7,9,8,9,7,9,6,9,3,9,0,8,8,8,4,8,0,7,5,7,2,7,3,7,4,7,6
76,SEINE-MARITIME,10,2,10,4,10,6,10,8,10,8,10,8,10,9,11,3,11,7,12,1,12,3,12,3,12,3,12,1,11,9,11,6,11,5,11,8,12,2,12,5,12,6,12,6,12,7,12,7,12,6,12,5,12,2,12,0,12,0,12,1,12,1,12,1,11,8,11,3,10,8,10,4,10,1,9,8,9,4,9,1,9,2,9,1
77,SEINE-ET-MARNE,5,2,5,4,5,6,5,7,5,9,6,1,6,4,6,8,7,2,7,6,7,8,8,1,8,1,7,9,7,8,7,6,7,4,7,5,7,8,8,0,8,0,8,0,8,1,8,2,8,2,8,1,7,9,7,7,7,6,7,6,7,5,7,3,6,9,6,5,6,1,5,6,5,3,5,1,5,2,5,0,4,8,5,0
78,YVELINES,4,7,4,9,5,1,5,3,5,6,5,9,6,2,6,6,7,0,7,3,7,5,7,5,7,4,7,2,7,1,6,9,6,7,6,8,7,0,7,1,7,2,7,2,7,3,7,3,7,3,7,1,6,9,6,8,6,7,6,7,6,7,6,6,6,4,6,1,5,7,5,5,5,2,5,0,4,8,4,7,4,9,5,0
79,DEUX-SEVRES,7,7,7,8,8,1,8,2,8,3,8,3,8,3,8,5,8,8,9,0,9,2,9,3,9,1,8,8,8,6,8,1,7,6,7,5,7,6,7,9,8,0,8,2,8,3,8,3,8,3,8,2,8,1,7,8,7,7,7,8,7,8,7,7,7,5,7,1,6,7,6,4,6,2,5,9,5,7,5,7,5,7,5,7
80,SOMME,10,1,10,1,10,3,10,4,10,6,10,9,11,0,11,4,11,8,11,9,12,0,12,1,12,1,11,8,11,4,11,1,10,8,11,0,11,4,11,6,11,7,11,8,11,9,11,8,11,9,12,0,11,8,11,7,11,7,11,8,11,9,11,8,11,3,10,8,10,4,10,1,9,8,9,6,9,5,9,2,9,2,9,2
81,TARN,7,8,7,9,8,2,8,2,8,2,8,2,8,3,8,5,8,9,9,3,9,5,9,6,9,4,9,2,9,1,8,9,8,9,9,1,9,4,9,7,9,6,9,5,9,5,9,6,9,7,9,8,9,8,9,7,9,7,9,7,9,8,9,8,9,7,9,5,9,2,8,8,8,5,8,2,8,0,8,0,7,9,7,9
82,TARN-ET-GARONNE,7,7,7,9,8,0,8,1,8,0,8,2,8,4,8,8,9,1,9,2,9,3,9,4,9,4,9,2,8,9,8,5,8,3,8,3,8,7,8,9,8,8,8,8,8,9,8,9,9,0,9,1,9,0,9,0,9,0,9,2,9,3,9,1,8,9,8,6,8,3,8,1,8,0,7,8,7,8,7,8,7,6,7,5
83,VAR,10,5,11,0,11,3,11,6,12,0,12,2,12,5,12,8,13,1,13,4,13,7,13,9,13,8,13,5,13,5,13,3,13,0,13,2,13,5,13,8,13,8,13,8,13,9,14,2,14,3,14,2,13,9,13,7,13,6,13,7,13,7,13,7,13,6,13,0,12,6,12,1,11,8,11,4,11,1,10,9,10,6,10,4
84,VAUCLUSE,9,6,9,9,10,2,10,5,11,0,11,4,11,7,11,9,11,9,12,0,12,2,12,3,12,3,12,2,12,1,11,7,11,4,11,6,11,9,12,1,12,2,12,3,12,5,12,6,12,7,12,6,12,4,12,4,12,4,12,5,12,5,12,4,12,0,11,6,11,3,10,9,10,5,10,0,9,8,9,7,9,6,9,6
85,VENDEE,6,8,6,9,7,2,7,3,7,3,7,5,7,7,8,1,8,3,8,4,8,5,8,6,8,5,8,3,8,1,7,9,7,8,7,9,8,3,8,5,8,4,8,4,8,4,8,4,8,3,8,0,7,7,7,5,7,4,7,4,7,4,7,3,7,0,6,6,6,3,6,0,5,8,5,6,5,5,5,5,5,5,5,6
86,VIENNE,7,6,7,8,8,1,8,2,8,3,8,4,8,4,8,5,8,8,9,0,9,2,9,2,9,0,8,8,8,5,8,2,7,9,8,0,8,3,8,5,8,6,8,7,8,8,8,9,8,8,8,7,8,5,8,3,8,3,8,4,8,5,8,4,8,1,7,7,7,3,7,1,6,9,6,5,6,3,6,3,6,2,6,2
87,HAUTE-VIENNE,6,6,6,9,7,1,7,3,7,3,7,4,7,4,7,5,7,7,7,9,8,1,8,3,8,2,8,2,8,0,7,8,7,6,7,7,8,0,8,1,8,1,8,0,8,1,8,1,8,1,8,1,7,9,7,7,7,8,7,9,8,0,7,9,7,7,7,2,6,8,6,5,6,3,5,9,5,6,5,7,5,7,5,8
88,VOSGES,7,9,8,0,8,1,8,1,8,3,8,5,8,6,8,9,9,2,9,4,9,5,9,6,9,5,9,2,9,0,8,9,8,7,8,9,9,2,9,3,9,4,9,5,9,6,9,6,9,6,9,6,9,3,9,2,9,1,9,2,9,2,9,2,9,0,8,5,8,0,7,6,7,3,7,3,7,1,6,9,7,1,7,4
89,YONNE,6,9,7,0,7,4,7,7,8,0,8,4,8,6,9,0,9,4,9,8,10,0,10,1,9,9,9,5,9,2,8,9,8,7,8,9,9,1,9,1,9,2,9,2,9,3,9,5,9,4,9,1,8,8,8,6,8,7,8,9,9,0,8,9,8,4,7,8,7,3,7,0,6,8,6,3,6,0,6,0,6,0,6,1
90,TERRITOIRE DE BELFORT,7,7,8,0,8,2,8,2,8,3,8,6,8,9,9,2,9,5,9,8,9,9,9,9,9,8,9,5,9,2,8,9,8,8,8,9,9,1,9,4,9,7,9,6,9,7,9,8,9,8,9,7,9,6,9,3,9,0,8,8,8,8,8,7,8,4,7,8,7,3,7,0,6,6,6,3,5,9,5,7,6,0,6,5
91,ESSONNE,4,7,5,0,5,2,5,5,5,9,6,3,6,6,7,0,7,3,7,5,7,6,7,5,7,4,7,2,7,1,7,0,7,0,7,1,7,3,7,5,7,5,7,6,7,7,7,7,7,6,7,4,7,3,7,2,7,2,7,1,7,1,7,0,6,7,6,4,6,0,5,7,5,4,5,0,4,7,4,7,4,8,4,9
92,HAUTS-DE-SEINE,5,9,6,1,6,4,6,6,6,9,7,3,7,7,8,1,8,4,8,8,8,9,8,9,8,8,8,7,8,5,8,3,8,2,8,3,8,4,8,5,8,5,8,5,8,5,8,6,8,6,8,5,8,3,8,2,8,0,8,0,7,9,7,8,7,6,7,3,7,0,6,6,6,4,6,2,6,0,5,8,5,9,6,1
93,SEINE-SAINT-DENIS,9,1,9,2,9,1,9,5,10,0,10,6,11,2,11,6,12,0,12,5,12,7,12,8,12,7,12,6,12,4,12,3,12,3,12,5,12,9,13,2,13,2,13,3,13,4,13,4,13,5,13,5,13,3,13,3,13,2,13,2,13,3,13,3,12,9,12,8,12,3,11,4,10,9,10,4,10,0,10,0,10,0,10,1
94,VAL-DE-MARNE,6,4,6,6,6,8,7,0,7,3,7,7,8,1,8,5,8,9,9,2,9,3,9,3,9,1,9,0,8,8,8,6,8,5,8,6,8,8,8,9,8,9,9,0,9,2,9,3,9,4,9,3,9,2,9,1,9,0,9,0,9,0,8,9,8,7,8,3,7,9,7,4,7,1,7,0,6,7,6,4,6,4,6,5
95,VAL-D'OISE,6,5,6,7,6,9,7,2,7,4,7,7,8,2,8,6,9,1,9,5,9,8,9,8,9,7,9,6,9,4,9,2,9,1,9,2,9,4,9,6,9,7,9,7,9,8,9,9,9,8,9,6,9,4,9,2,9,2,9,2,9,2,9,1,8,8,8,4,8,0,7,6,7,2,7,1,6,8,6,5,6,6,6,7
